"DESCRIPTION","DURATION IN MS","NAME","PARENT SUITE","START TIME","STATUS","STOP TIME","SUB SUITE","SUITE","TEST CLASS","TEST METHOD"
"","4099","Validate add to cart functionality for multiple products","","2026-09-29","passed","2026-09-29","","","",""
"","3788","Validate product price on products page","","2026-09-29","passed","2026-09-29","","","",""
"","4371","Verify logo swagAlb logo on products page","","2026-09-29","passed","2026-09-29","","","",""
"","4524","Validate login functionality with Invalid credentials","","2026-09-29","passed","2026-09-29","","","",""
"","4432","Verify no of products added in car should be available on my cart page","","2026-09-29","passed","2026-09-29","","","",""
"","4409","Validate list of sorting options","","2026-09-29","passed","2026-09-29","","","",""
"","3959","Validate add to cart functionality for single product","","2026-09-29","passed","2026-09-29","","","",""
"","6141","Verify Remove product fuctionality on my car page","","2026-09-29","passed","2026-09-29","","","",""
"","5149","Validate place order functionality","","2026-09-29","passed","2026-09-29","","","",""
"","3904","Validate login functionality with valid credentials","","2026-09-29","passed","2026-09-29","","","",""
"","5210","Verify logout feature on products page","","2026-09-29","passed","2026-09-29","","","",""
"","3976","Validate login functionality with Invalid credentials","","2026-09-29","passed","2026-09-29","","","",""
"","5637","Validate remove product from cart functionality","","2026-09-29","passed","2026-09-29","","","",""
"","3471","Validate login functionality with Invalid credentials","","2026-09-29","passed","2026-09-29","","","",""
